Type,Name,Request Count,Failure Count,Median Response Time,Average Response Time,Min Response Time,Max Response Time,Average Content Size,Requests/s,Failures/s,50%,66%,75%,80%,90%,95%,98%,99%,99.9%,99.99%,100%
GET,//posts/get_my_posts/,1007,0,14,31.428730585869,5.199800005357247,1192.1383000008063,778.0,15.546292315452538,0.0,14,18,21,24,33,45,150,680,1200,1200,1200
GET,//posts/get_my_posts/?title=demo,1066,0,14,28.103356472912253,5.4751999996369705,1201.3346999956411,540.0,16.457147575245685,0.0,14,19,23,25,36,48,85,630,1200,1200,1200
GET,//profiles/get_user_subscribers/1/,1048,0,15,32.5879450383165,5.765200003224891,1185.9127999996417,86.0,16.179259529885066,0.0,15,20,25,28,40,55,160,670,1200,1200,1200
GET,//profiles/get_user_subscriptions/1/,1083,0,17,32.806653093298266,6.1887999981991015,1209.8554999975022,169.0,16.71959739586405,0.0,17,22,27,30,41,55,160,660,1200,1200,1200
,Aggregated,4204,0,15,31.22946750720558,5.199800005357247,1209.8554999975022,388.2590390104662,64.90229681644733,0.0,15,20,24,27,37,50,120,660,1200,1200,1200
